sn,name ,price
1,Mint,145.00
2,Mint,125.00
3,Mint,125.00
4,Mint,135.00
5,Mint,145.00
6,Mint,145.00
7,Mint,125.00
8,Mint,145.00
9,Mint,125.00
10,Mint,145.00
11,Mint,125.00
12,Mint,125.00
13,Mint,135.00
14,Mint,145.00
15,Mint,145.00
16,Mint,145.00
17,Mint,145.00
18,Mint,145.00
19,Mint,145.00
20,Mint,168.00
21,Mint,125.00
22,Mint,145.00
23,Mint,115.00
24,Mint,125.00
25,Mint,125.00
26,Mint,145.00
27,Mint,135.00
28,Mint,125.00
29,Mint,145.00
30,Mint,145.00
31,Mint,145.00
32,Mint,145.00
33,Mint,145.00
34,Mint,33.00
35,Mint,145.00
36,Mint,125.00
37,Mint,145.00
38,Mint,145.00
39,Mint,145.00
40,Mint,145.00
41,Mint,145.00
42,Mint,145.00
43,Mint,145.00
44,Mint,125.00
45,Mint,135.00
46,Mint,145.00
47,Mint,155.00
48,Mint,155.00
49,Mint,155.00
50,Mint,175.00
51,Mint,185.00
52,Mint,175.00
53,Mint,175.00
54,Mint,175.00
55,Mint,175.00
56,Mint,95.00
57,Mint,175.00
58,Mint,175.00
59,Mint,155.00
60,Mint,155.00
61,Mint,155.00
62,Mint,155.00
63,Mint,155.00
64,Mint,165.00
65,Mint,175.00
66,Mint,175.00
67,Mint,190.00
68,Mint,188.00
69,Mint,190.00
70,Mint,190.00
71,Mint,188.00
72,Mint,188.00
73,Mint,170.00
74,Mint,175.00
75,Mint,195.00
76,Mint,195.00
77,Mint,195.00
78,Mint,195.00
79,Mint,195.00
80,Mint,195.00
81,Mint,205.00
82,Mint,215.00
83,Mint,205.00
84,Mint,205.00
85,Mint,155.00
86,Mint,125.00
87,Mint,115.00
88,Mint,115.00
89,Mint,115.00
90,Mint,125.00
91,Mint,125.00
92,Mint,57.00
93,Mint,144.00
94,Mint,125.00
95,Mint,133.00
96,Mint,123.00
97,Mint,145.00
98,Mint,153.00
99,Mint,145.00
100,Mint,133.00
101,Mint,145.00
102,Mint,97.00
103,Mint,125.00
104,Mint,155.00
105,Mint,155.00
106,Mint,155.00
107,Mint,145.00
108,Mint,135.00
109,Mint,145.00
110,Mint,147.00
111,Mint,147.00
112,Mint,145.00
113,Mint,145.00
114,Mint,147.00
115,Mint,175.00
116,Mint,175.00
117,Mint,155.00
118,Mint,155.00
119,Mint,165.00
120,Mint,143.00
121,Mint,155.00
122,Mint,155.00
123,Mint,145.00
124,Mint,155.00
125,Mint,145.00
126,Mint,155.00
127,Mint,145.00
128,Mint,145.00
129,Mint,147.00
130,Mint,145.00
131,Mint,145.00
132,Mint,145.00
133,Mint,145.00
134,Mint,145.00
135,Mint,145.00
136,Mint,145.00
137,Mint,145.00
138,Mint,145.00
139,Mint,145.00
140,Mint,145.00
141,Mint,145.00
142,Mint,145.00
143,Mint,145.00
144,Mint,145.00
145,Mint,155.00
146,Mint,155.00
147,Mint,105.00
148,Mint,95.00
149,Mint,95.00
150,Mint,95.00
151,Mint,85.00
152,Mint,95.00
153,Mint,95.00
154,Mint,95.00
155,Mint,95.00
156,Mint,95.00
157,Mint,95.00
158,Mint,95.00
159,Mint,95.00
160,Mint,95.00
161,Mint,95.00
162,Mint,97.00
163,Mint,95.00
164,Mint,125.00
165,Mint,125.00
166,Mint,125.00
167,Mint,125.00
168,Mint,125.00
169,Mint,145.00
170,Mint,145.00
171,Mint,135.00
172,Mint,135.00
173,Mint,135.00
174,Mint,135.00
175,Mint,135.00
176,Mint,145.00
177,Mint,125.00
178,Mint,115.00
179,Mint,115.00
180,Mint,115.00
181,Mint,105.00
182,Mint,145.00
183,Mint,125.00
184,Mint,145.00
185,Mint,145.00
186,Mint,145.00
187,Mint,145.00
188,Mint,145.00
189,Mint,145.00
190,Mint,145.00
191,Mint,145.00
192,Mint,145.00
193,Mint,145.00
194,Mint,145.00
195,Mint,145.00
196,Mint,105.00
197,Mint,145.00
198,Mint,145.00
199,Mint,145.00
200,Mint,115.00
201,Mint,145.00
202,Mint,105.00
203,Mint,105.00
204,Mint,145.00
205,Mint,115.00
206,Mint,117.00
207,Mint,115.00
208,Mint,115.00
209,Mint,115.00
210,Mint,115.00
211,Mint,125.00
212,Mint,125.00
213,Mint,125.00
214,Mint,125.00
215,Mint,125.00
216,Mint,115.00
217,Mint,115.00
218,Mint,125.00
219,Mint,125.00
220,Mint,125.00
221,Mint,125.00
222,Mint,125.00
223,Mint,115.00
224,Mint,115.00
225,Mint,125.00
226,Mint,125.00
227,Mint,117.00
228,Mint,117.00
229,Mint,125.00
230,Mint,115.00
231,Mint,115.00
232,Mint,115.00
233,Mint,115.00
234,Mint,115.00
235,Mint,115.00
236,Mint,115.00
237,Mint,115.00
238,Mint,115.00
239,Mint,115.00
240,Mint,115.00
241,Mint,145.00
242,Mint,145.00
243,Mint,145.00
244,Mint,145.00
245,Mint,137.00
246,Mint,145.00
247,Mint,145.00
248,Mint,145.00
249,Mint,145.00
250,Mint,155.00
251,Mint,155.00
252,Mint,170.00
253,Mint,175.00
254,Mint,195.00
255,Mint,195.00
256,Mint,195.00
257,Mint,185.00
258,Mint,195.00
259,Mint,195.00
260,Mint,185.00
261,Mint,195.00
262,Mint,185.00
263,Mint,185.00
264,Mint,190.00
265,Mint,195.00
266,Mint,195.00
267,Mint,195.00
268,Mint,195.00
269,Mint,195.00
270,Mint,195.00
271,Mint,195.00
272,Mint,195.00
273,Mint,195.00
274,Mint,195.00
275,Mint,195.00
276,Mint,195.00
277,Mint,195.00
278,Mint,213.00
279,Mint,195.00
280,Mint,195.00
281,Mint,195.00
282,Mint,185.00
283,Mint,195.00
284,Mint,195.00
285,Mint,195.00
286,Mint,195.00
287,Mint,195.00
288,Mint,195.00
289,Mint,195.00
290,Mint,195.00
291,Mint,195.00
292,Mint,195.00
293,Mint,195.00
294,Mint,195.00
295,Mint,195.00
296,Mint,195.00
297,Mint,195.00
298,Mint,195.00
299,Mint,195.00
300,Mint,195.00
301,Mint,195.00
302,Mint,195.00
303,Mint,195.00
304,Mint,187.00
305,Mint,197.00
306,Mint,195.00
307,Mint,195.00
308,Mint,195.00
309,Mint,195.00
310,Mint,195.00
311,Mint,195.00
312,Mint,197.00
313,Mint,195.00
314,Mint,195.00
315,Mint,195.00
316,Mint,195.00
317,Mint,195.00
318,Mint,195.00
319,Mint,195.00
320,Mint,195.00
321,Mint,195.00
322,Mint,58.00
323,Mint,195.00
324,Mint,195.00
325,Mint,195.00
326,Mint,197.00
327,Mint,195.00
328,Mint,195.00
329,Mint,195.00
330,Mint,195.00
331,Mint,197.00
332,Mint,195.00
333,Mint,195.00
334,Mint,195.00
335,Mint,195.00
336,Mint,195.00
337,Mint,197.00
338,Mint,195.00
339,Mint,195.00
340,Mint,195.00
341,Mint,195.00
342,Mint,195.00
343,Mint,195.00
344,Mint,195.00
345,Mint,195.00
346,Mint,197.00
347,Mint,197.00
348,Mint,197.00
349,Mint,195.00
350,Mint,195.00
351,Mint,195.00
352,Mint,195.00
353,Mint,197.00
354,Mint,195.00
355,Mint,195.00
356,Mint,195.00
357,Mint,197.00
358,Mint,195.00
359,Mint,195.00
360,Mint,197.00
361,Mint,195.00
362,Mint,195.00
363,Mint,195.00
364,Mint,195.00
365,Mint,195.00
366,Mint,155.00
367,Mint,165.00
368,Mint,155.00
369,Mint,157.00
370,Mint,165.00
371,Mint,167.00
372,Mint,175.00
373,Mint,165.00
374,Mint,167.00
375,Mint,163.00
376,Mint,163.00
377,Mint,165.00
378,Mint,165.00
379,Mint,165.00
380,Mint,155.00
381,Mint,175.00
382,Mint,155.00
383,Mint,155.00
384,Mint,155.00
385,Mint,145.00
386,Mint,155.00
387,Mint,162.00
388,Mint,93.00
389,Mint,93.00
390,Mint,95.00
391,Mint,97.00
392,Mint,95.00
393,Mint,95.00
394,Mint,95.00
395,Mint,95.00
396,Mint,97.00
397,Mint,97.00
398,Mint,95.00
399,Mint,95.00
400,Mint,125.00
401,Mint,145.00
402,Mint,95.00
403,Mint,95.00
404,Mint,95.00
405,Mint,95.00
406,Mint,95.00
407,Mint,135.00
408,Mint,125.00
409,Mint,87.00
410,Mint,95.00
411,Mint,95.00
412,Mint,87.00
413,Mint,85.00
414,Mint,87.00
415,Mint,87.00
416,Mint,87.00
417,Mint,85.00
418,Mint,85.00
419,Mint,95.00
420,Mint,95.00
421,Mint,95.00
422,Mint,87.00
423,Mint,77.00
424,Mint,77.00
425,Mint,75.00
426,Mint,75.00
427,Mint,75.00
428,Mint,75.00
429,Mint,75.00
430,Mint,75.00
431,Mint,75.00
432,Mint,75.00
433,Mint,75.00
434,Mint,75.00
435,Mint,75.00
436,Mint,75.00
437,Mint,75.00
438,Mint,75.00
439,Mint,77.00
440,Mint,75.00
441,Mint,75.00
442,Mint,75.00
443,Mint,75.00
444,Mint,75.00
445,Mint,75.00
446,Mint,75.00
447,Mint,75.00
448,Mint,75.00
449,Mint,83.00
450,Mint,75.00
451,Mint,75.00
452,Mint,75.00
453,Mint,75.00
454,Mint,75.00
455,Mint,75.00
456,Mint,75.00
457,Mint,75.00
458,Mint,75.00
459,Mint,75.00
460,Mint,75.00
461,Mint,75.00
462,Mint,43.00
463,Mint,75.00
464,Mint,75.00
465,Mint,75.00
466,Mint,75.00
467,Mint,75.00
468,Mint,75.00
469,Mint,75.00
470,Mint,83.00
471,Mint,75.00
472,Mint,75.00
473,Mint,75.00
474,Mint,75.00
475,Mint,75.00
476,Mint,75.00
477,Mint,75.00
478,Mint,75.00
479,Mint,75.00
480,Mint,75.00
481,Mint,75.00
482,Mint,75.00
483,Mint,75.00
484,Mint,75.00
485,Mint,75.00
486,Mint,75.00
487,Mint,95.00
488,Mint,75.00
489,Mint,75.00
490,Mint,75.00
491,Mint,75.00
492,Mint,75.00
493,Mint,75.00
494,Mint,75.00
495,Mint,75.00
496,Mint,75.00
497,Mint,75.00
498,Mint,78.00
499,Mint,75.00
500,Mint,75.00
501,Mint,75.00
502,Mint,75.00
503,Mint,77.00
504,Mint,75.00
505,Mint,75.00
506,Mint,85.00
507,Mint,75.00
508,Mint,75.00
509,Mint,75.00
510,Mint,75.00
511,Mint,75.00
512,Mint,75.00
513,Mint,75.00
514,Mint,75.00
515,Mint,75.00
516,Mint,75.00
517,Mint,75.00
518,Mint,75.00
519,Mint,75.00
520,Mint,75.00
521,Mint,75.00
522,Mint,75.00
523,Mint,75.00
524,Mint,75.00
525,Mint,75.00
526,Mint,110.00
527,Mint,105.00
528,Mint,85.00
529,Mint,85.00
530,Mint,85.00
531,Mint,85.00
532,Mint,85.00
533,Mint,85.00
534,Mint,85.00
535,Mint,85.00
536,Mint,85.00
537,Mint,85.00
538,Mint,85.00
539,Mint,85.00
540,Mint,85.00
541,Mint,85.00
542,Mint,85.00
543,Mint,85.00
544,Mint,85.00
545,Mint,85.00
546,Mint,85.00
547,Mint,85.00
548,Mint,85.00
549,Mint,85.00
550,Mint,85.00
551,Mint,85.00
552,Mint,95.00
553,Mint,95.00
554,Mint,95.00
555,Mint,85.00
556,Mint,95.00
557,Mint,95.00
558,Mint,95.00
559,Mint,95.00
560,Mint,95.00
561,Mint,95.00
562,Mint,95.00
563,Mint,105.00
564,Mint,95.00
565,Mint,95.00
566,Mint,95.00
567,Mint,95.00
568,Mint,65.00
569,Mint,95.00
570,Mint,95.00
571,Mint,95.00
572,Mint,95.00
573,Mint,95.00
574,Mint,95.00
575,Mint,95.00
576,Mint,95.00
577,Mint,95.00
578,Mint,95.00
579,Mint,105.00
580,Mint,110.00
581,Mint,95.00
582,Mint,95.00
583,Mint,95.00
584,Mint,95.00
585,Mint,95.00
586,Mint,95.00
587,Mint,95.00
588,Mint,95.00
589,Mint,95.00
590,Mint,95.00
591,Mint,95.00
592,Mint,95.00
593,Mint,95.00
594,Mint,95.00
595,Mint,95.00
596,Mint,95.00
597,Mint,95.00
598,Mint,95.00
599,Mint,95.00
600,Mint,75.00
601,Mint,95.00
602,Mint,95.00
603,Mint,95.00
604,Mint,95.00
605,Mint,95.00
606,Mint,95.00
607,Mint,95.00
608,Mint,95.00
609,Mint,65.00
610,Mint,95.00
611,Mint,95.00
612,Mint,95.00
613,Mint,95.00
614,Mint,95.00
615,Mint,95.00
616,Mint,95.00
617,Mint,95.00
618,Mint,95.00
619,Mint,95.00
620,Mint,95.00
621,Mint,95.00
622,Mint,95.00
623,Mint,95.00
624,Mint,95.00
625,Mint,95.00
626,Mint,95.00
627,Mint,95.00
628,Mint,95.00
629,Mint,95.00
630,Mint,95.00
631,Mint,95.00
632,Mint,95.00
633,Mint,95.00
634,Mint,95.00
635,Mint,95.00
636,Mint,95.00
637,Mint,95.00
638,Mint,95.00
639,Mint,95.00
640,Mint,95.00
641,Mint,95.00
642,Mint,95.00
643,Mint,95.00
644,Mint,95.00
645,Mint,95.00
646,Mint,95.00
647,Mint,95.00
648,Mint,95.00
649,Mint,95.00
650,Mint,95.00
651,Mint,85.00
652,Mint,95.00
653,Mint,85.00
654,Mint,85.00
655,Mint,85.00
656,Mint,85.00
657,Mint,85.00
658,Mint,85.00
659,Mint,85.00
660,Mint,85.00
661,Mint,85.00
662,Mint,85.00
663,Mint,85.00
664,Mint,85.00
665,Mint,85.00
666,Mint,85.00
667,Mint,85.00
668,Mint,85.00
669,Mint,85.00
670,Mint,85.00
671,Mint,85.00
672,Mint,85.00
673,Mint,85.00
674,Mint,85.00
675,Mint,85.00
676,Mint,85.00
677,Mint,65.00
678,Mint,85.00
679,Mint,85.00
680,Mint,85.00
681,Mint,85.00
682,Mint,85.00
683,Mint,85.00
684,Mint,85.00
685,Mint,85.00
686,Mint,85.00
687,Mint,65.00
688,Mint,85.00
689,Mint,85.00
690,Mint,83.00
691,Mint,85.00
692,Mint,75.00
693,Mint,75.00
694,Mint,75.00
695,Mint,75.00
696,Mint,75.00
697,Mint,75.00
698,Mint,75.00
699,Mint,85.00
700,Mint,75.00
701,Mint,75.00
702,Mint,95.00
703,Mint,85.00
704,Mint,85.00
705,Mint,75.00
706,Mint,75.00
707,Mint,95.00
708,Mint,75.00
709,Mint,75.00
710,Mint,75.00
711,Mint,75.00
712,Mint,75.00
713,Mint,75.00
714,Mint,75.00
715,Mint,55.00
716,Mint,73.00
717,Mint,73.00
718,Mint,73.00
719,Mint,55.00
720,Mint,65.00
721,Mint,65.00
722,Mint,55.00
723,Mint,53.00
724,Mint,65.00
725,Mint,65.00
726,Mint,65.00
727,Mint,65.00
728,Mint,75.00
729,Mint,65.00
730,Mint,65.00
731,Mint,65.00
732,Mint,65.00
733,Mint,65.00
734,Mint,65.00
735,Mint,63.00
736,Mint,65.00
737,Mint,65.00
738,Mint,75.00
739,Mint,73.00
740,Mint,75.00
741,Mint,65.00
742,Mint,65.00
743,Mint,65.00
744,Mint,65.00
745,Mint,65.00
746,Mint,65.00
747,Mint,65.00
748,Mint,63.00
749,Mint,73.00
750,Mint,73.00
751,Mint,73.00
752,Mint,73.00
753,Mint,73.00
754,Mint,63.00
755,Mint,65.00
756,Mint,63.00
757,Mint,65.00
758,Mint,65.00
759,Mint,75.00
760,Mint,65.00
761,Mint,73.00
762,Mint,73.00
763,Mint,73.00
764,Mint,75.00
765,Mint,75.00
766,Mint,75.00
767,Mint,75.00
768,Mint,78.00
769,Mint,78.00
770,Mint,78.00
771,Mint,78.00
772,Mint,68.00
773,Mint,78.00
774,Mint,78.00
775,Mint,78.00
776,Mint,78.00
777,Mint,78.00
778,Mint,78.00
779,Mint,78.00
780,Mint,73.00
781,Mint,73.00
782,Mint,73.00
783,Mint,73.00
784,Mint,73.00
785,Mint,73.00
786,Mint,73.00
787,Mint,73.00
788,Mint,73.00
789,Mint,73.00
790,Mint,73.00
791,Mint,73.00
792,Mint,73.00
793,Mint,73.00
794,Mint,73.00
795,Mint,73.00
796,Mint,73.00
797,Mint,73.00
798,Mint,73.00
799,Mint,68.00
800,Mint,68.00
801,Mint,68.00
802,Mint,68.00
803,Mint,68.00
804,Mint,63.00
805,Mint,63.00
806,Mint,63.00
807,Mint,63.00
808,Mint,63.00
809,Mint,63.00
810,Mint,63.00
811,Mint,63.00
812,Mint,63.00
813,Mint,63.00
814,Mint,63.00
815,Mint,53.00
816,Mint,63.00
817,Mint,63.00
818,Mint,63.00
819,Mint,63.00
820,Mint,63.00
821,Mint,63.00
822,Mint,63.00
823,Mint,63.00
824,Mint,63.00
825,Mint,63.00
826,Mint,63.00
827,Mint,63.00
828,Mint,63.00
829,Mint,68.00
830,Mint,63.00
831,Mint,65.00
832,Mint,63.00
833,Mint,63.00
834,Mint,63.00
835,Mint,63.00
836,Mint,63.00
837,Mint,63.00
838,Mint,63.00
839,Mint,63.00
840,Mint,63.00
841,Mint,63.00
842,Mint,63.00
843,Mint,63.00
844,Mint,63.00
845,Mint,63.00
846,Mint,63.00
847,Mint,63.00
848,Mint,63.00
849,Mint,63.00
850,Mint,63.00
851,Mint,63.00
852,Mint,63.00
853,Mint,63.00
854,Mint,63.00
855,Mint,63.00
856,Mint,63.00
857,Mint,63.00
858,Mint,63.00
859,Mint,63.00
860,Mint,63.00
861,Mint,93.00
862,Mint,93.00
863,Mint,93.00
864,Mint,93.00
865,Mint,93.00
866,Mint,93.00
867,Mint,93.00
868,Mint,93.00
869,Mint,93.00
870,Mint,93.00
871,Mint,93.00
872,Mint,93.00
873,Mint,93.00
874,Mint,93.00
875,Mint,93.00
876,Mint,93.00
877,Mint,93.00
878,Mint,93.00
879,Mint,93.00
880,Mint,93.00
881,Mint,93.00
882,Mint,93.00
883,Mint,93.00
884,Mint,93.00
885,Mint,93.00
886,Mint,93.00
887,Mint,83.00
888,Mint,83.00
889,Mint,83.00
890,Mint,83.00
891,Mint,83.00
892,Mint,83.00
893,Mint,83.00
894,Mint,83.00
895,Mint,83.00
896,Mint,83.00
897,Mint,83.00
898,Mint,83.00
899,Mint,83.00
900,Mint,83.00
901,Mint,83.00
902,Mint,83.00
903,Mint,83.00
904,Mint,83.00
905,Mint,83.00
906,Mint,83.00
907,Mint,83.00
908,Mint,83.00
909,Mint,83.00
910,Mint,83.00
911,Mint,83.00
912,Mint,83.00
913,Mint,83.00
914,Mint,83.00
915,Mint,83.00
916,Mint,83.00
917,Mint,83.00
918,Mint,83.00
919,Mint,83.00
920,Mint,83.00
921,Mint,83.00
922,Mint,83.00
923,Mint,83.00
924,Mint,83.00
925,Mint,83.00
926,Mint,83.00
927,Mint,83.00
928,Mint,83.00
929,Mint,83.00
930,Mint,83.00
931,Mint,83.00
932,Mint,83.00
933,Mint,83.00
934,Mint,83.00
935,Mint,83.00
936,Mint,83.00
937,Mint,83.00
938,Mint,83.00
939,Mint,83.00
940,Mint,83.00
941,Mint,83.00
942,Mint,83.00
943,Mint,83.00
944,Mint,83.00
945,Mint,83.00
946,Mint,83.00
947,Mint,83.00
948,Mint,83.00
949,Mint,83.00
950,Mint,83.00
951,Mint,83.00
952,Mint,83.00
953,Mint,83.00
954,Mint,83.00
955,Mint,75.00
956,Mint,63.00
957,Mint,75.00
958,Mint,63.00
959,Mint,63.00
960,Mint,63.00
961,Mint,63.00
962,Mint,63.00
963,Mint,63.00
964,Mint,63.00
965,Mint,63.00
966,Mint,63.00
967,Mint,63.00
968,Mint,63.00
969,Mint,63.00
970,Mint,63.00
971,Mint,63.00
972,Mint,63.00
973,Mint,63.00
974,Mint,63.00
975,Mint,63.00
976,Mint,63.00
977,Mint,63.00
978,Mint,63.00
979,Mint,63.00
980,Mint,63.00
981,Mint,63.00
982,Mint,63.00
983,Mint,63.00
984,Mint,63.00
985,Mint,63.00
986,Mint,63.00
987,Mint,63.00
988,Mint,63.00
989,Mint,63.00
990,Mint,63.00
991,Mint,95.00
992,Mint,95.00
993,Mint,95.00
994,Mint,95.00
995,Mint,95.00
996,Mint,95.00
997,Mint,95.00
998,Mint,95.00
999,Mint,95.00
1000,Mint,95.00
1001,Mint,73.00
1002,Mint,73.00
1003,Mint,95.00
1004,Mint,95.00
1005,Mint,95.00
1006,Mint,95.00
1007,Mint,95.00
1008,Mint,95.00
1009,Mint,95.00
1010,Mint,95.00
1011,Mint,95.00
1012,Mint,95.00
1013,Mint,95.00
1014,Mint,95.00
1015,Mint,95.00
1016,Mint,95.00
1017,Mint,95.00
1018,Mint,95.00
1019,Mint,95.00
1020,Mint,95.00
1021,Mint,95.00
1022,Mint,95.00
1023,Mint,95.00
1024,Mint,95.00
1025,Mint,95.00
1026,Mint,95.00
1027,Mint,105.00
1028,Mint,95.00
1029,Mint,95.00
1030,Mint,95.00
1031,Mint,95.00
1032,Mint,95.00
1033,Mint,105.00
1034,Mint,95.00
1035,Mint,95.00
1036,Mint,95.00
1037,Mint,95.00
1038,Mint,95.00
1039,Mint,95.00
1040,Mint,95.00
1041,Mint,95.00
1042,Mint,95.00
1043,Mint,95.00
1044,Mint,95.00
1045,Mint,95.00
1046,Mint,95.00
1047,Mint,95.00
1048,Mint,95.00
1049,Mint,95.00
1050,Mint,95.00
1051,Mint,95.00
1052,Mint,95.00
1053,Mint,95.00
1054,Mint,95.00
1055,Mint,95.00
1056,Mint,95.00
1057,Mint,95.00
1058,Mint,95.00
1059,Mint,95.00
1060,Mint,95.00
1061,Mint,95.00
1062,Mint,95.00
1063,Mint,95.00
1064,Mint,95.00
1065,Mint,95.00
1066,Mint,95.00
1067,Mint,95.00
1068,Mint,95.00
1069,Mint,95.00
1070,Mint,95.00
1071,Mint,95.00
1072,Mint,95.00
1073,Mint,95.00
1074,Mint,95.00
1075,Mint,95.00
1076,Mint,95.00
1077,Mint,95.00
1078,Mint,95.00
1079,Mint,95.00
1080,Mint,95.00
1081,Mint,95.00
1082,Mint,95.00
1083,Mint,95.00
1084,Mint,95.00
1085,Mint,95.00
1086,Mint,95.00
1087,Mint,105.00
1088,Mint,95.00
1089,Mint,95.00
1090,Mint,95.00
1091,Mint,95.00
1092,Mint,95.00
1093,Mint,95.00
1094,Mint,95.00
1095,Mint,95.00
1096,Mint,95.00
1097,Mint,95.00
1098,Mint,95.00
1099,Mint,95.00
1100,Mint,95.00
1101,Mint,95.00
1102,Mint,95.00
1103,Mint,95.00
1104,Mint,95.00
1105,Mint,95.00
1106,Mint,95.00
1107,Mint,95.00
1108,Mint,95.00
1109,Mint,95.00
1110,Mint,95.00
1111,Mint,95.00
1112,Mint,95.00
1113,Mint,95.00
1114,Mint,95.00
1115,Mint,95.00
1116,Mint,95.00
1117,Mint,95.00
1118,Mint,95.00
1119,Mint,95.00
1120,Mint,95.00
1121,Mint,95.00
1122,Mint,95.00
1123,Mint,95.00
1124,Mint,95.00
1125,Mint,95.00
1126,Mint,95.00
1127,Mint,95.00
1128,Mint,95.00
1129,Mint,95.00
1130,Mint,95.00
1131,Mint,95.00
1132,Mint,95.00
1133,Mint,95.00
1134,Mint,95.00
1135,Mint,95.00
1136,Mint,95.00
1137,Mint,95.00
1138,Mint,95.00
1139,Mint,95.00
1140,Mint,95.00
1141,Mint,95.00
1142,Mint,95.00
1143,Mint,95.00
1144,Mint,95.00
1145,Mint,95.00
1146,Mint,95.00
1147,Mint,95.00
1148,Mint,95.00
1149,Mint,95.00
1150,Mint,95.00
1151,Mint,95.00
1152,Mint,95.00
1153,Mint,95.00
1154,Mint,95.00
1155,Mint,95.00
1156,Mint,95.00
1157,Mint,95.00
1158,Mint,95.00
1159,Mint,95.00
1160,Mint,95.00
1161,Mint,95.00
1162,Mint,95.00
1163,Mint,95.00
1164,Mint,95.00
1165,Mint,95.00
1166,Mint,95.00
1167,Mint,95.00
1168,Mint,95.00
1169,Mint,95.00
1170,Mint,95.00
1171,Mint,95.00
1172,Mint,95.00
1173,Mint,95.00
1174,Mint,95.00
1175,Mint,95.00
1176,Mint,95.00
1177,Mint,95.00
1178,Mint,95.00
1179,Mint,95.00
1180,Mint,95.00
1181,Mint,95.00
1182,Mint,95.00
1183,Mint,95.00
1184,Mint,105.00
1185,Mint,105.00
1186,Mint,105.00
1187,Mint,105.00
1188,Mint,105.00
1189,Mint,105.00
1190,Mint,105.00
1191,Mint,105.00
1192,Mint,105.00
1193,Mint,105.00
1194,Mint,105.00
1195,Mint,105.00
1196,Mint,105.00
1197,Mint,105.00
1198,Mint,105.00
1199,Mint,105.00
1200,Mint,105.00
1201,Mint,105.00
1202,Mint,105.00
1203,Mint,105.00
1204,Mint,105.00
1205,Mint,105.00
1206,Mint,105.00
1207,Mint,105.00
1208,Mint,105.00
1209,Mint,105.00
1210,Mint,105.00
1211,Mint,105.00
1212,Mint,105.00
1213,Mint,105.00
1214,Mint,105.00
1215,Mint,105.00
1216,Mint,105.00
1217,Mint,105.00
1218,Mint,105.00
1219,Mint,105.00
1220,Mint,105.00
1221,Mint,105.00
1222,Mint,105.00
1223,Mint,105.00
1224,Mint,105.00
1225,Mint,105.00
1226,Mint,105.00
1227,Mint,105.00
1228,Mint,105.00
1229,Mint,105.00
1230,Mint,105.00
1231,Mint,105.00
1232,Mint,105.00
1233,Mint,105.00
1234,Mint,105.00
1235,Mint,105.00
1236,Mint,105.00
1237,Mint,105.00
1238,Mint,105.00
1239,Mint,105.00
1240,Mint,105.00
1241,Mint,105.00
1242,Mint,105.00
1243,Mint,105.00
1244,Mint,105.00
1245,Mint,105.00
1246,Mint,105.00
1247,Mint,105.00
1248,Mint,105.00
1249,Mint,105.00
1250,Mint,105.00
1251,Mint,105.00
1252,Mint,105.00
1253,Mint,105.00
1254,Mint,105.00
1255,Mint,105.00
1256,Mint,105.00
1257,Mint,105.00
1258,Mint,105.00
1259,Mint,105.00
1260,Mint,105.00
1261,Mint,105.00
1262,Mint,105.00
1263,Mint,105.00
1264,Mint,105.00
1265,Mint,105.00
1266,Mint,105.00
1267,Mint,105.00
1268,Mint,105.00
1269,Mint,105.00
1270,Mint,105.00
1271,Mint,105.00
1272,Mint,105.00
1273,Mint,105.00
1274,Mint,105.00
1275,Mint,105.00
1276,Mint,105.00
1277,Mint,105.00
1278,Mint,105.00
1279,Mint,105.00
1280,Mint,105.00
1281,Mint,105.00
1282,Mint,105.00
1283,Mint,105.00
1284,Mint,105.00
1285,Mint,105.00
1286,Mint,105.00
1287,Mint,105.00
1288,Mint,105.00
1289,Mint,105.00
1290,Mint,105.00
1291,Mint,105.00
1292,Mint,105.00
1293,Mint,105.00
1294,Mint,105.00
1295,Mint,105.00
1296,Mint,105.00
1297,Mint,105.00
1298,Mint,105.00
1299,Mint,105.00
1300,Mint,105.00
1301,Mint,105.00
1302,Mint,105.00
1303,Mint,105.00
1304,Mint,105.00
1305,Mint,105.00
1306,Mint,105.00
1307,Mint,105.00
1308,Mint,105.00
1309,Mint,105.00
1310,Mint,105.00
1311,Mint,105.00
1312,Mint,105.00
1313,Mint,105.00
1314,Mint,105.00
1315,Mint,105.00
1316,Mint,105.00
1317,Mint,105.00
1318,Mint,105.00
1319,Mint,105.00
1320,Mint,105.00
1321,Mint,105.00
1322,Mint,105.00
1323,Mint,105.00
1324,Mint,105.00
1325,Mint,105.00
1326,Mint,105.00
1327,Mint,105.00
1328,Mint,75.00
1329,Mint,105.00
1330,Mint,105.00
1331,Mint,105.00
1332,Mint,105.00
1333,Mint,105.00
1334,Mint,105.00
1335,Mint,105.00
1336,Mint,105.00
1337,Mint,105.00
1338,Mint,125.00
1339,Mint,125.00
1340,Mint,125.00
1341,Mint,125.00
1342,Mint,125.00
1343,Mint,125.00
1344,Mint,125.00
1345,Mint,125.00
1346,Mint,125.00
1347,Mint,125.00
1348,Mint,125.00
1349,Mint,125.00
1350,Mint,125.00
1351,Mint,125.00
1352,Mint,125.00
1353,Mint,125.00
1354,Mint,125.00
1355,Mint,125.00
1356,Mint,125.00
1357,Mint,125.00
1358,Mint,125.00
1359,Mint,125.00
1360,Mint,125.00
1361,Mint,125.00
1362,Mint,125.00
1363,Mint,125.00
1364,Mint,125.00
1365,Mint,125.00
1366,Mint,125.00
1367,Mint,125.00
1368,Mint,125.00
1369,Mint,125.00
1370,Mint,125.00
1371,Mint,125.00
1372,Mint,125.00
1373,Mint,125.00
1374,Mint,125.00
1375,Mint,125.00
1376,Mint,125.00
1377,Mint,125.00
1378,Mint,125.00
1379,Mint,125.00
1380,Mint,125.00
1381,Mint,125.00
1382,Mint,125.00
1383,Mint,125.00
1384,Mint,125.00
1385,Mint,125.00
1386,Mint,125.00
1387,Mint,125.00
1388,Mint,125.00
1389,Mint,125.00
1390,Mint,125.00
1391,Mint,125.00
1392,Mint,125.00
1393,Mint,125.00
1394,Mint,125.00
1395,Mint,125.00
1396,Mint,125.00
1397,Mint,125.00
1398,Mint,125.00
1399,Mint,125.00
1400,Mint,125.00
1401,Mint,105.00
1402,Mint,105.00
1403,Mint,105.00
1404,Mint,105.00
1405,Mint,105.00
1406,Mint,105.00
1407,Mint,105.00
1408,Mint,115.00
1409,Mint,105.00
1410,Mint,105.00
1411,Mint,105.00
1412,Mint,105.00
1413,Mint,105.00
1414,Mint,105.00
1415,Mint,105.00
1416,Mint,105.00
1417,Mint,105.00
1418,Mint,105.00
1419,Mint,105.00
1420,Mint,105.00
1421,Mint,105.00
1422,Mint,105.00
1423,Mint,105.00
1424,Mint,105.00
1425,Mint,105.00
1426,Mint,105.00
1427,Mint,105.00
1428,Mint,105.00
1429,Mint,105.00
1430,Mint,105.00
1431,Mint,105.00
1432,Mint,105.00
1433,Mint,145.00
1434,Mint,155.00
1435,Mint,155.00
1436,Mint,155.00
1437,Mint,155.00
1438,Mint,155.00
1439,Mint,155.00
1440,Mint,155.00
1441,Mint,155.00
1442,Mint,155.00
1443,Mint,155.00
1444,Mint,155.00
1445,Mint,155.00
1446,Mint,155.00
1447,Mint,155.00
1448,Mint,155.00
1449,Mint,145.00
1450,Mint,145.00
1451,Mint,145.00
1452,Mint,145.00
1453,Mint,145.00
1454,Mint,145.00
1455,Mint,145.00
1456,Mint,145.00
1457,Mint,145.00
1458,Mint,145.00
1459,Mint,145.00
1460,Mint,145.00
1461,Mint,145.00
1462,Mint,145.00
1463,Mint,145.00
1464,Mint,145.00
1465,Mint,145.00
1466,Mint,145.00
1467,Mint,145.00
1468,Mint,145.00
1469,Mint,145.00
1470,Mint,145.00
1471,Mint,145.00
1472,Mint,145.00
1473,Mint,145.00
1474,Mint,145.00
1475,Mint,145.00
1476,Mint,145.00
1477,Mint,145.00
1478,Mint,145.00
1479,Mint,145.00
1480,Mint,145.00
1481,Mint,145.00
1482,Mint,145.00
1483,Mint,88.00
1484,Mint,75.00
1485,Mint,75.00
1486,Mint,78.00
1487,Mint,78.00
1488,Mint,78.00
1489,Mint,73.00
1490,Mint,73.00
1491,Mint,73.00
1492,Mint,73.00
1493,Mint,73.00
1494,Mint,73.00
1495,Mint,73.00
1496,Mint,73.00
1497,Mint,68.00
1498,Mint,68.00
1499,Mint,68.00
1500,Mint,53.00
1501,Mint,75.00
1502,Mint,75.00
1503,Mint,75.00
1504,Mint,75.00
1505,Mint,75.00
1506,Mint,75.00
1507,Mint,75.00
1508,Mint,75.00
1509,Mint,75.00
1510,Mint,75.00
1511,Mint,75.00
1512,Mint,75.00
1513,Mint,75.00
1514,Mint,75.00
1515,Mint,75.00
1516,Mint,75.00
1517,Mint,75.00
1518,Mint,75.00
1519,Mint,75.00
1520,Mint,75.00
1521,Mint,75.00
1522,Mint,75.00
1523,Mint,75.00
1524,Mint,75.00
1525,Mint,75.00
1526,Mint,75.00
1527,Mint,75.00
1528,Mint,75.00
1529,Mint,75.00
1530,Mint,75.00
1531,Mint,75.00
1532,Mint,75.00
1533,Mint,75.00
1534,Mint,75.00
1535,Mint,75.00
1536,Mint,75.00
1537,Mint,75.00
1538,Mint,75.00
1539,Mint,75.00
1540,Mint,95.00
1541,Mint,105.00
1542,Mint,105.00
1543,Mint,105.00
1544,Mint,105.00
1545,Mint,105.00
1546,Mint,105.00
1547,Mint,105.00
1548,Mint,105.00
1549,Mint,115.00
1550,Mint,115.00
1551,Mint,115.00
1552,Mint,145.00
1553,Mint,145.00
1554,Mint,145.00
1555,Mint,145.00
1556,Mint,145.00
1557,Mint,145.00
1558,Mint,145.00
1559,Mint,145.00
1560,Mint,145.00
1561,Mint,145.00
1562,Mint,145.00
1563,Mint,145.00
1564,Mint,145.00
1565,Mint,145.00
1566,Mint,145.00
1567,Mint,145.00
1568,Mint,175.00
1569,Mint,175.00
1570,Mint,175.00
1571,Mint,175.00
1572,Mint,175.00
1573,Mint,175.00
1574,Mint,175.00
1575,Mint,175.00
1576,Mint,290.00
1577,Mint,400.00
1578,Mint,175.00
1579,Mint,175.00
1580,Mint,175.00
1581,Mint,175.00
1582,Mint,175.00
1583,Mint,175.00
1584,Mint,175.00
1585,Mint,175.00
1586,Mint,175.00
1587,Mint,175.00
1588,Mint,175.00
1589,Mint,175.00
1590,Mint,175.00
1591,Mint,175.00
1592,Mint,175.00
1593,Mint,175.00
1594,Mint,175.00
1595,Mint,175.00
1596,Mint,175.00
1597,Mint,175.00
1598,Mint,175.00
1599,Mint,175.00
1600,Mint,175.00
1601,Mint,175.00
1602,Mint,175.00
1603,Mint,175.00
1604,Mint,175.00
1605,Mint,175.00
1606,Mint,175.00
1607,Mint,175.00
1608,Mint,175.00
1609,Mint,175.00
1610,Mint,175.00
1611,Mint,175.00
1612,Mint,175.00
1613,Mint,175.00
1614,Mint,175.00
1615,Mint,175.00
1616,Mint,175.00
1617,Mint,175.00
1618,Mint,175.00
1619,Mint,175.00
1620,Mint,175.00
1621,Mint,190.00
1622,Mint,175.00
1623,Mint,175.00
1624,Mint,175.00
1625,Mint,175.00
1626,Mint,175.00
1627,Mint,175.00
1628,Mint,175.00
1629,Mint,175.00
1630,Mint,175.00
1631,Mint,175.00
1632,Mint,175.00
1633,Mint,175.00
1634,Mint,175.00
1635,Mint,175.00
1636,Mint,190.00
1637,Mint,175.00
1638,Mint,175.00
1639,Mint,175.00
1640,Mint,175.00
1641,Mint,155.00
1642,Mint,155.00
1643,Mint,155.00
1644,Mint,155.00
1645,Mint,170.00
1646,Mint,190.00
1647,Mint,190.00
1648,Mint,190.00
1649,Mint,190.00
1650,Mint,190.00
1651,Mint,190.00
1652,Mint,190.00
1653,Mint,190.00
1654,Mint,190.00
1655,Mint,190.00
1656,Mint,190.00
1657,Mint,190.00
1658,Mint,190.00
1659,Mint,190.00
1660,Mint,190.00
1661,Mint,190.00
1662,Mint,190.00
1663,Mint,190.00
1664,Mint,190.00
1665,Mint,190.00
1666,Mint,190.00
1667,Mint,190.00
1668,Mint,190.00
1669,Mint,190.00
1670,Mint,190.00
1671,Mint,190.00
1672,Mint,190.00
1673,Mint,190.00
1674,Mint,190.00
1675,Mint,190.00
1676,Mint,190.00
1677,Mint,190.00
1678,Mint,190.00
1679,Mint,190.00
1680,Mint,190.00
1681,Mint,190.00
1682,Mint,190.00
1683,Mint,190.00
1684,Mint,190.00
1685,Mint,190.00
1686,Mint,190.00
1687,Mint,190.00
1688,Mint,190.00
1689,Mint,190.00
1690,Mint,190.00
1691,Mint,190.00
1692,Mint,190.00
1693,Mint,190.00
1694,Mint,190.00
1695,Mint,190.00
1696,Mint,255.00
1697,Mint,255.00
1698,Mint,255.00
1699,Mint,255.00
1700,Mint,95.00
1701,Mint,275.00
1702,Mint,275.00
1703,Mint,275.00
1704,Mint,275.00
1705,Mint,275.00
1706,Mint,275.00
1707,Mint,275.00
1708,Mint,275.00
1709,Mint,275.00
1710,Mint,275.00
1711,Mint,275.00
1712,Mint,265.00
1713,Mint,95.00
1714,Mint,270.00
1715,Mint,270.00
1716,Mint,265.00
1717,Mint,265.00
1718,Mint,260.00
1719,Mint,260.00
1720,Mint,265.00
1721,Mint,265.00
1722,Mint,265.00
1723,Mint,265.00
1724,Mint,260.00
1725,Mint,260.00
1726,Mint,260.00
1727,Mint,260.00
1728,Mint,260.00
1729,Mint,260.00
1730,Mint,260.00
1731,Mint,260.00
1732,Mint,260.00
1733,Mint,260.00
1734,Mint,255.00
1735,Mint,255.00
1736,Mint,255.00
1737,Mint,255.00
1738,Mint,255.00
1739,Mint,255.00
1740,Mint,255.00
1741,Mint,255.00
1742,Mint,255.00
1743,Mint,255.00
1744,Mint,255.00
1745,Mint,255.00
1746,Mint,255.00
1747,Mint,255.00
1748,Mint,255.00
1749,Mint,255.00
1750,Mint,255.00
1751,Mint,255.00
1752,Mint,205.00
1753,Mint,215.00
1754,Mint,225.00
1755,Mint,125.00
1756,Mint,225.00
1757,Mint,225.00
1758,Mint,225.00
1759,Mint,225.00
1760,Mint,225.00
1761,Mint,225.00
1762,Mint,225.00
1763,Mint,225.00
1764,Mint,225.00
1765,Mint,225.00
1766,Mint,225.00
1767,Mint,225.00
1768,Mint,225.00
1769,Mint,225.00
1770,Mint,225.00
1771,Mint,225.00
1772,Mint,225.00
1773,Mint,205.00
1774,Mint,205.00
1775,Mint,205.00
1776,Mint,205.00
1777,Mint,205.00
1778,Mint,205.00
1779,Mint,205.00
1780,Mint,205.00
1781,Mint,205.00
1782,Mint,205.00
1783,Mint,205.00
1784,Mint,205.00
1785,Mint,205.00
1786,Mint,205.00
1787,Mint,205.00
1788,Mint,205.00
1789,Mint,205.00
1790,Mint,205.00
1791,Mint,205.00
1792,Mint,205.00
1793,Mint,205.00
1794,Mint,205.00
1795,Mint,205.00
1796,Mint,205.00
1797,Mint,205.00
1798,Mint,205.00
1799,Mint,205.00
1800,Mint,205.00
1801,Mint,205.00
1802,Mint,205.00
1803,Mint,205.00
1804,Mint,205.00
1805,Mint,205.00
1806,Mint,205.00
1807,Mint,205.00
1808,Mint,215.00
1809,Mint,215.00
1810,Mint,215.00
1811,Mint,215.00
1812,Mint,215.00
1813,Mint,215.00
1814,Mint,215.00
1815,Mint,215.00
1816,Mint,215.00
1817,Mint,215.00
1818,Mint,215.00
1819,Mint,215.00
1820,Mint,215.00
1821,Mint,215.00
1822,Mint,215.00
1823,Mint,215.00
1824,Mint,215.00
1825,Mint,215.00
1826,Mint,215.00
1827,Mint,215.00
1828,Mint,215.00
1829,Mint,115.00
1830,Mint,115.00
1831,Mint,115.00
1832,Mint,125.00
1833,Mint,115.00
1834,Mint,115.00
1835,Mint,115.00
1836,Mint,115.00
1837,Mint,115.00
1838,Mint,115.00
1839,Mint,125.00
1840,Mint,135.00
1841,Mint,155.00
1842,Mint,145.00
1843,Mint,155.00
1844,Mint,105.00
1845,Mint,115.00
1846,Mint,115.00
1847,Mint,115.00
1848,Mint,115.00
1849,Mint,105.00
1850,Mint,115.00
1851,Mint,115.00
1852,Mint,115.00
1853,Mint,115.00
1854,Mint,115.00
1855,Mint,115.00
1856,Mint,115.00
1857,Mint,115.00
1858,Mint,115.00
1859,Mint,115.00
1860,Mint,115.00
1861,Mint,115.00
1862,Mint,115.00
1863,Mint,115.00
1864,Mint,115.00
1865,Mint,115.00
1866,Mint,115.00
1867,Mint,115.00
1868,Mint,115.00
1869,Mint,125.00
1870,Mint,115.00
1871,Mint,115.00
1872,Mint,125.00
1873,Mint,125.00
1874,Mint,115.00
1875,Mint,115.00
1876,Mint,115.00
1877,Mint,115.00
1878,Mint,115.00
1879,Mint,115.00
1880,Mint,115.00
1881,Mint,125.00
1882,Mint,125.00
1883,Mint,115.00
1884,Mint,125.00
1885,Mint,125.00
1886,Mint,125.00
1887,Mint,115.00
1888,Mint,125.00
1889,Mint,125.00
1890,Mint,115.00
1891,Mint,125.00
1892,Mint,125.00
1893,Mint,125.00
1894,Mint,125.00
1895,Mint,115.00
1896,Mint,205.00
1897,Mint,125.00
1898,Mint,125.00
1899,Mint,125.00
1900,Mint,125.00
1901,Mint,125.00
1902,Mint,115.00
1903,Mint,115.00
1904,Mint,115.00
1905,Mint,125.00
1906,Mint,115.00
1907,Mint,125.00
1908,Mint,115.00
1909,Mint,125.00
1910,Mint,115.00
1911,Mint,125.00
1912,Mint,115.00
1913,Mint,115.00
1914,Mint,115.00
1915,Mint,115.00
1916,Mint,115.00
1917,Mint,115.00
1918,Mint,115.00
1919,Mint,115.00
1920,Mint,115.00
1921,Mint,115.00
1922,Mint,115.00
1923,Mint,115.00
1924,Mint,115.00
1925,Mint,115.00
1926,Mint,115.00
1927,Mint,115.00
1928,Mint,115.00
1929,Mint,115.00
1930,Mint,115.00
1931,Mint,115.00
1932,Mint,115.00
1933,Mint,115.00
1934,Mint,115.00
1935,Mint,115.00
1936,Mint,115.00
1937,Mint,115.00
1938,Mint,115.00
1939,Mint,255.00
1940,Mint,255.00
1941,Mint,255.00
1942,Mint,255.00
1943,Mint,255.00
1944,Mint,255.00
1945,Mint,255.00
1946,Mint,255.00
1947,Mint,255.00
1948,Mint,255.00
1949,Mint,255.00
1950,Mint,255.00
1951,Mint,255.00
1952,Mint,255.00
1953,Mint,255.00
1954,Mint,255.00
1955,Mint,255.00
1956,Mint,255.00
1957,Mint,255.00
1958,Mint,255.00
1959,Mint,255.00
1960,Mint,255.00
1961,Mint,255.00
1962,Mint,255.00
1963,Mint,255.00
1964,Mint,255.00
1965,Mint,255.00
1966,Mint,255.00
1967,Mint,255.00
1968,Mint,255.00
1969,Mint,255.00
1970,Mint,255.00
1971,Mint,255.00
1972,Mint,255.00
1973,Mint,255.00
1974,Mint,255.00
1975,Mint,255.00
1976,Mint,255.00
1977,Mint,255.00
1978,Mint,245.00
1979,Mint,245.00
1980,Mint,245.00
1981,Mint,245.00
1982,Mint,245.00
1983,Mint,245.00
1984,Mint,245.00
1985,Mint,245.00
1986,Mint,245.00
1987,Mint,245.00
1988,Mint,245.00
1989,Mint,245.00
1990,Mint,245.00
1991,Mint,245.00
1992,Mint,245.00
1993,Mint,245.00
1994,Mint,245.00
1995,Mint,245.00
1996,Mint,245.00
1997,Mint,245.00
1998,Mint,245.00
1999,Mint,245.00
2000,Mint,245.00
2001,Mint,245.00
2002,Mint,245.00
2003,Mint,245.00
2004,Mint,245.00
2005,Mint,245.00
2006,Mint,245.00
2007,Mint,245.00
2008,Mint,245.00
2009,Mint,245.00
2010,Mint,255.00
2011,Mint,255.00
2012,Mint,245.00
2013,Mint,245.00
2014,Mint,245.00
2015,Mint,245.00
2016,Mint,245.00
2017,Mint,245.00
2018,Mint,245.00
2019,Mint,245.00
2020,Mint,245.00
2021,Mint,245.00
2022,Mint,245.00
2023,Mint,245.00
2024,Mint,245.00
2025,Mint,245.00
2026,Mint,245.00
2027,Mint,245.00
2028,Mint,245.00
2029,Mint,245.00
2030,Mint,245.00
2031,Mint,245.00
2032,Mint,245.00
2033,Mint,245.00
2034,Mint,245.00
2035,Mint,245.00
2036,Mint,245.00
2037,Mint,245.00
2038,Mint,245.00
2039,Mint,245.00
2040,Mint,245.00
2041,Mint,245.00
2042,Mint,245.00
2043,Mint,245.00
2044,Mint,245.00
2045,Mint,245.00
2046,Mint,245.00
2047,Mint,245.00
2048,Mint,245.00
2049,Mint,275.00
2050,Mint,275.00
2051,Mint,275.00
2052,Mint,275.00
2053,Mint,275.00
2054,Mint,275.00
2055,Mint,275.00
2056,Mint,275.00
2057,Mint,275.00
2058,Mint,275.00
2059,Mint,275.00
2060,Mint,275.00
2061,Mint,275.00
2062,Mint,275.00
2063,Mint,275.00
2064,Mint,275.00
2065,Mint,275.00
2066,Mint,275.00
2067,Mint,275.00
2068,Mint,275.00
2069,Mint,275.00
2070,Mint,275.00
2071,Mint,275.00
2072,Mint,275.00
2073,Mint,275.00
2074,Mint,275.00
2075,Mint,275.00
2076,Mint,275.00
2077,Mint,275.00
2078,Mint,275.00
2079,Mint,275.00
2080,Mint,275.00
2081,Mint,275.00
2082,Mint,275.00
2083,Mint,275.00
2084,Mint,275.00
2085,Mint,275.00
2086,Mint,275.00
2087,Mint,285.00
2088,Mint,275.00
2089,Mint,275.00
2090,Mint,275.00
2091,Mint,285.00
2092,Mint,275.00
2093,Mint,275.00
2094,Mint,275.00
2095,Mint,275.00
2096,Mint,275.00
2097,Mint,275.00
2098,Mint,285.00
2099,Mint,275.00
2100,Mint,275.00
2101,Mint,275.00
2102,Mint,275.00
2103,Mint,275.00
2104,Mint,275.00
2105,Mint,275.00
2106,Mint,275.00
2107,Mint,275.00
2108,Mint,275.00
2109,Mint,275.00
2110,Mint,275.00
2111,Mint,275.00
2112,Mint,275.00
2113,Mint,275.00
2114,Mint,275.00
2115,Mint,275.00
2116,Mint,275.00
2117,Mint,275.00
2118,Mint,275.00
2119,Mint,275.00
2120,Mint,275.00
2121,Mint,275.00
2122,Mint,275.00
2123,Mint,275.00
2124,Mint,275.00
2125,Mint,275.00
2126,Mint,315.00
2127,Mint,275.00
2128,Mint,275.00
2129,Mint,275.00
2130,Mint,275.00
2131,Mint,275.00
2132,Mint,275.00
2133,Mint,275.00
2134,Mint,275.00
2135,Mint,275.00
2136,Mint,275.00
2137,Mint,275.00
2138,Mint,275.00
2139,Mint,275.00
2140,Mint,275.00
2141,Mint,275.00
2142,Mint,275.00
2143,Mint,275.00
2144,Mint,275.00
2145,Mint,275.00
2146,Mint,275.00
2147,Mint,275.00
2148,Mint,205.00
2149,Mint,205.00
2150,Mint,205.00
2151,Mint,205.00
2152,Mint,205.00
2153,Mint,205.00
2154,Mint,65.00
2155,Mint,33.00
2156,Mint,65.00
2157,Mint,75.00
2158,Mint,65.00
2159,Mint,65.00
2160,Mint,65.00
2161,Mint,65.00
2162,Mint,65.00
2163,Mint,65.00
2164,Mint,75.00
2165,Mint,75.00
2166,Mint,65.00
2167,Mint,65.00
2168,Mint,85.00
2169,Mint,75.00
2170,Mint,85.00
2171,Mint,75.00
2172,Mint,85.00
2173,Mint,85.00
2174,Mint,85.00
2175,Mint,85.00
2176,Mint,85.00
2177,Mint,85.00
2178,Mint,85.00
2179,Mint,85.00
2180,Mint,85.00
2181,Mint,85.00
2182,Mint,85.00
2183,Mint,85.00
2184,Mint,85.00
2185,Mint,85.00
2186,Mint,85.00
2187,Mint,85.00
2188,Mint,85.00
2189,Mint,85.00
2190,Mint,85.00
2191,Mint,85.00
2192,Mint,85.00
2193,Mint,85.00
2194,Mint,85.00
2195,Mint,85.00
2196,Mint,85.00
2197,Mint,85.00
2198,Mint,85.00
2199,Mint,85.00
2200,Mint,85.00
2201,Mint,85.00
2202,Mint,85.00
2203,Mint,85.00
2204,Mint,85.00
2205,Mint,85.00
2206,Mint,85.00
2207,Mint,85.00
2208,Mint,85.00
2209,Mint,85.00
2210,Mint,85.00
2211,Mint,85.00
2212,Mint,85.00
2213,Mint,85.00
2214,Mint,85.00
2215,Mint,85.00
2216,Mint,85.00
2217,Mint,85.00
2218,Mint,85.00
2219,Mint,85.00
2220,Mint,85.00
2221,Mint,85.00
2222,Mint,95.00
2223,Mint,95.00
2224,Mint,115.00
2225,Mint,125.00
2226,Mint,125.00
2227,Mint,95.00
2228,Mint,110.00
2229,Mint,115.00
2230,Mint,115.00
2231,Mint,125.00
2232,Mint,125.00
2233,Mint,125.00
2234,Mint,125.00
2235,Mint,125.00
2236,Mint,125.00
2237,Mint,135.00
2238,Mint,125.00
2239,Mint,135.00
2240,Mint,135.00
2241,Mint,135.00
2242,Mint,145.00
2243,Mint,145.00
2244,Mint,145.00
2245,Mint,145.00
2246,Mint,145.00
2247,Mint,145.00
2248,Mint,145.00
2249,Mint,145.00
2250,Mint,145.00
2251,Mint,145.00
2252,Mint,145.00
2253,Mint,145.00
2254,Mint,145.00
2255,Mint,145.00
2256,Mint,145.00
2257,Mint,145.00
2258,Mint,145.00
2259,Mint,145.00
2260,Mint,145.00
2261,Mint,145.00
2262,Mint,145.00
2263,Mint,145.00
2264,Mint,145.00
2265,Mint,145.00
2266,Mint,145.00
2267,Mint,145.00
2268,Mint,145.00
2269,Mint,145.00
2270,Mint,145.00
2271,Mint,145.00
2272,Mint,145.00
2273,Mint,135.00
2274,Mint,145.00
2275,Mint,145.00
2276,Mint,145.00
2277,Mint,145.00
2278,Mint,145.00
2279,Mint,145.00
2280,Mint,145.00
2281,Mint,145.00
2282,Mint,145.00
2283,Mint,145.00
2284,Mint,145.00
2285,Mint,145.00
2286,Mint,145.00
2287,Mint,145.00
2288,Mint,145.00
2289,Mint,145.00
2290,Mint,145.00
2291,Mint,145.00
2292,Mint,145.00
2293,Mint,145.00
2294,Mint,145.00
2295,Mint,145.00
2296,Mint,155.00
2297,Mint,145.00
2298,Mint,145.00
2299,Mint,155.00
2300,Mint,155.00
2301,Mint,145.00
2302,Mint,145.00
2303,Mint,145.00
2304,Mint,145.00
2305,Mint,165.00
2306,Mint,190.00
2307,Mint,190.00
2308,Mint,190.00
2309,Mint,190.00
2310,Mint,225.00
2311,Mint,225.00
2312,Mint,225.00
2313,Mint,255.00
2314,Mint,225.00
2315,Mint,190.00
2316,Mint,225.00
2317,Mint,225.00
2318,Mint,275.00
2319,Mint,225.00
2320,Mint,225.00
2321,Mint,225.00
2322,Mint,290.00
2323,Mint,290.00
2324,Mint,290.00
2325,Mint,275.00
2326,Mint,225.00
2327,Mint,275.00
2328,Mint,275.00
2329,Mint,275.00
2330,Mint,225.00
2331,Mint,235.00
2332,Mint,275.00
2333,Mint,275.00
2334,Mint,325.00
2335,Mint,325.00
2336,Mint,275.00
2337,Mint,275.00
2338,Mint,255.00
2339,Mint,275.00
2340,Mint,275.00
2341,Mint,275.00
2342,Mint,275.00
2343,Mint,275.00
2344,Mint,275.00
2345,Mint,275.00
2346,Mint,275.00
2347,Mint,275.00
2348,Mint,275.00
2349,Mint,275.00
2350,Mint,275.00
2351,Mint,275.00
2352,Mint,275.00
2353,Mint,275.00
2354,Mint,275.00
2355,Mint,275.00
2356,Mint,275.00
2357,Mint,275.00
2358,Mint,275.00
2359,Mint,275.00
2360,Mint,275.00
2361,Mint,225.00
2362,Mint,235.00
2363,Mint,235.00
2364,Mint,235.00
2365,Mint,235.00
2366,Mint,235.00
2367,Mint,235.00
2368,Mint,235.00
2369,Mint,235.00
2370,Mint,235.00
2371,Mint,235.00
2372,Mint,235.00
2373,Mint,235.00
2374,Mint,235.00
2375,Mint,235.00
2376,Mint,235.00
2377,Mint,235.00
2378,Mint,235.00
2379,Mint,235.00
2380,Mint,235.00
2381,Mint,235.00
2382,Mint,235.00
2383,Mint,235.00
2384,Mint,235.00
2385,Mint,235.00
2386,Mint,235.00
2387,Mint,235.00
2388,Mint,235.00
2389,Mint,235.00
2390,Mint,235.00
2391,Mint,235.00
2392,Mint,235.00
2393,Mint,235.00
2394,Mint,235.00
2395,Mint,235.00
2396,Mint,235.00
2397,Mint,235.00
2398,Mint,235.00
2399,Mint,235.00
2400,Mint,235.00
2401,Mint,235.00
2402,Mint,235.00
2403,Mint,235.00
2404,Mint,235.00
2405,Mint,235.00
2406,Mint,235.00
2407,Mint,235.00
2408,Mint,235.00
2409,Mint,235.00
2410,Mint,235.00
2411,Mint,235.00
2412,Mint,235.00
2413,Mint,235.00
2414,Mint,235.00
2415,Mint,190.00
2416,Mint,190.00
2417,Mint,190.00
2418,Mint,210.00
2419,Mint,190.00
2420,Mint,235.00
2421,Mint,190.00
2422,Mint,235.00
2423,Mint,225.00
2424,Mint,210.00
2425,Mint,190.00
2426,Mint,210.00
2427,Mint,225.00
2428,Mint,190.00
2429,Mint,190.00
2430,Mint,190.00
2431,Mint,190.00
2432,Mint,165.00
2433,Mint,190.00
2434,Mint,165.00
2435,Mint,170.00
2436,Mint,165.00
2437,Mint,190.00
2438,Mint,190.00
2439,Mint,135.00
2440,Mint,110.00
2441,Mint,110.00
2442,Mint,135.00
2443,Mint,135.00
2444,Mint,135.00
2445,Mint,135.00
2446,Mint,155.00
2447,Mint,135.00
2448,Mint,125.00
2449,Mint,135.00
2450,Mint,140.00
2451,Mint,135.00
2452,Mint,135.00
2453,Mint,135.00
2454,Mint,140.00
2455,Mint,140.00
2456,Mint,135.00
2457,Mint,135.00
2458,Mint,135.00
2459,Mint,135.00
2460,Mint,135.00
2461,Mint,145.00
2462,Mint,135.00
2463,Mint,135.00
2464,Mint,135.00
2465,Mint,135.00
2466,Mint,135.00
2467,Mint,235.00
2468,Mint,165.00
2469,Mint,160.00
2470,Mint,110.00
2471,Mint,110.00
2472,Mint,110.00
2473,Mint,95.00
2474,Mint,95.00
2475,Mint,110.00
2476,Mint,110.00
2477,Mint,110.00
2478,Mint,110.00
2479,Mint,110.00
2480,Mint,135.00
2481,Mint,145.00
2482,Mint,95.00
2483,Mint,95.00
2484,Mint,85.00
2485,Mint,135.00
2486,Mint,110.00
2487,Mint,110.00
2488,Mint,95.00
2489,Mint,95.00
2490,Mint,95.00
2491,Mint,110.00
2492,Mint,110.00
2493,Mint,85.00
2494,Mint,85.00
2495,Mint,85.00
2496,Mint,85.00
2497,Mint,95.00
2498,Mint,105.00
2499,Mint,110.00
2500,Mint,85.00
2501,Mint,85.00
2502,Mint,85.00
2503,Mint,85.00
2504,Mint,105.00
2505,Mint,110.00
2506,Mint,110.00
2507,Mint,105.00
2508,Mint,105.00
2509,Mint,95.00
2510,Mint,105.00
2511,Mint,105.00
2512,Mint,95.00
2513,Mint,95.00
2514,Mint,95.00
2515,Mint,95.00
2516,Mint,96.67
2517,Mint,105.00
2518,Mint,105.00
2519,Mint,105.00
2520,Mint,110.00
2521,Mint,110.00
2522,Mint,95.00
2523,Mint,95.00
2524,Mint,110.00
2525,Mint,110.00
2526,Mint,110.00
2527,Mint,110.00
2528,Mint,110.00
2529,Mint,110.00
2530,Mint,110.00
2531,Mint,110.00
2532,Mint,110.00
2533,Mint,110.00
2534,Mint,110.00
2535,Mint,110.00
2536,Mint,110.00
2537,Mint,110.00
2538,Mint,110.00
2539,Mint,125.00
2540,Mint,135.00
2541,Mint,135.00
2542,Mint,135.00
2543,Mint,135.00
2544,Mint,135.00
2545,Mint,190.00
2546,Mint,195.00
2547,Mint,110.00
2548,Mint,110.00
2549,Mint,135.00
2550,Mint,135.00
2551,Mint,110.00
2552,Mint,135.00
2553,Mint,135.00
2554,Mint,275.00
2555,Mint,190.00
2556,Mint,190.00
2557,Mint,190.00
2558,Mint,225.00
2559,Mint,165.00
2560,Mint,225.00
2561,Mint,190.00
2562,Mint,235.00
2563,Mint,275.00
2564,Mint,290.00
2565,Mint,235.00
2566,Mint,235.00
2567,Mint,225.00
2568,Mint,235.00
2569,Mint,190.00
2570,Mint,210.00
2571,Mint,210.00
2572,Mint,325.00
2573,Mint,235.00
2574,Mint,275.00
2575,Mint,275.00
2576,Mint,290.00
2577,Mint,325.00
2578,Mint,325.00
2579,Mint,275.00
2580,Mint,310.00
2581,Mint,235.00
2582,Mint,290.00
2583,Mint,310.00
2584,Mint,290.00
2585,Mint,325.00
2586,Mint,335.00
2587,Mint,335.00
2588,Mint,335.00
2589,Mint,335.00
2590,Mint,335.00
2591,Mint,335.00
2592,Mint,335.00
2593,Mint,335.00
2594,Mint,310.00
2595,Mint,335.00
2596,Mint,335.00
2597,Mint,335.00
2598,Mint,335.00
2599,Mint,335.00
2600,Mint,375.00
2601,Mint,550.00
2602,Mint,850.00
2603,Mint,950.00
2604,Mint,950.00
2605,Mint,750.00
2606,Mint,850.00
2607,Mint,750.00
2608,Mint,850.00
2609,Mint,850.00
2610,Mint,850.00
2611,Mint,850.00
2612,Mint,850.00
2613,Mint,750.00
2614,Mint,650.00
2615,Mint,750.00
2616,Mint,675.00
2617,Mint,750.00
2618,Mint,850.00
2619,Mint,866.67
2620,Mint,850.00
2621,Mint,450.00
2622,Mint,275.00
2623,Mint,255.00
2624,Mint,366.67
2625,Mint,366.67
2626,Mint,450.00
2627,Mint,325.00
2628,Mint,375.00
2629,Mint,375.00
2630,Mint,375.00
2631,Mint,375.00
2632,Mint,466.67
2633,Mint,466.67
2634,Mint,450.00
2635,Mint,450.00
2636,Mint,450.00
2637,Mint,566.67
2638,Mint,450.00
2639,Mint,450.00
2640,Mint,450.00
2641,Mint,450.00
2642,Mint,425.00
2643,Mint,550.00
2644,Mint,450.00
2645,Mint,450.00
2646,Mint,550.00
2647,Mint,450.00
2648,Mint,550.00
2649,Mint,550.00
2650,Mint,566.67
2651,Mint,550.00
2652,Mint,566.67
2653,Mint,550.00
2654,Mint,550.00
2655,Mint,650.00
2656,Mint,650.00
2657,Mint,550.00
2658,Mint,550.00
2659,Mint,650.00
2660,Mint,650.00
2661,Mint,650.00
2662,Mint,550.00
2663,Mint,650.00
2664,Mint,650.00
2665,Mint,650.00
2666,Mint,650.00
2667,Mint,650.00
2668,Mint,650.00
2669,Mint,666.67
2670,Mint,550.00
2671,Mint,650.00
2672,Mint,650.00
2673,Mint,650.00
2674,Mint,650.00
2675,Mint,650.00
2676,Mint,666.67
2677,Mint,650.00
2678,Mint,750.00
2679,Mint,750.00
2680,Mint,750.00
2681,Mint,750.00
2682,Mint,750.00
2683,Mint,650.00
2684,Mint,650.00
2685,Mint,750.00
2686,Mint,750.00
2687,Mint,750.00
2688,Mint,750.00
2689,Mint,750.00
2690,Mint,750.00
2691,Mint,750.00
2692,Mint,750.00
2693,Mint,650.00
2694,Mint,850.00
2695,Mint,750.00
2696,Mint,750.00
2697,Mint,750.00
2698,Mint,750.00
2699,Mint,750.00
2700,Mint,750.00
2701,Mint,750.00
2702,Mint,750.00
2703,Mint,750.00
2704,Mint,750.00
2705,Mint,750.00
2706,Mint,750.00
2707,Mint,750.00
2708,Mint,750.00
2709,Mint,750.00
2710,Mint,750.00
2711,Mint,750.00
2712,Mint,650.00
2713,Mint,750.00
2714,Mint,650.00
2715,Mint,650.00
2716,Mint,650.00
2717,Mint,650.00
2718,Mint,650.00
2719,Mint,750.00
2720,Mint,750.00
2721,Mint,750.00
2722,Mint,750.00
2723,Mint,750.00
2724,Mint,750.00
2725,Mint,750.00
2726,Mint,750.00
2727,Mint,750.00
2728,Mint,750.00
2729,Mint,750.00
2730,Mint,750.00
2731,Mint,750.00
2732,Mint,650.00
2733,Mint,750.00
2734,Mint,650.00
2735,Mint,750.00
2736,Mint,750.00
2737,Mint,650.00
2738,Mint,750.00
2739,Mint,750.00
2740,Mint,750.00
2741,Mint,750.00
2742,Mint,750.00
2743,Mint,650.00
2744,Mint,650.00
2745,Mint,650.00
2746,Mint,650.00
2747,Mint,650.00
2748,Mint,650.00
2749,Mint,650.00
2750,Mint,450.00
2751,Mint,450.00
2752,Mint,450.00
2753,Mint,450.00
2754,Mint,450.00
2755,Mint,450.00
2756,Mint,450.00
2757,Mint,350.00
2758,Mint,350.00
2759,Mint,350.00
2760,Mint,350.00
2761,Mint,350.00
2762,Mint,350.00
2763,Mint,350.00
2764,Mint,225.00
2765,Mint,275.00
2766,Mint,250.00
2767,Mint,250.00
2768,Mint,250.00
2769,Mint,275.00
2770,Mint,250.00
2771,Mint,275.00
2772,Mint,275.00
2773,Mint,225.00
2774,Mint,225.00
2775,Mint,225.00
2776,Mint,225.00
2777,Mint,225.00
2778,Mint,210.00
2779,Mint,210.00
2780,Mint,210.00
2781,Mint,210.00
2782,Mint,235.00
2783,Mint,235.00
2784,Mint,240.00
2785,Mint,175.00
2786,Mint,275.00
2787,Mint,275.00
2788,Mint,350.00
2789,Mint,375.00
2790,Mint,350.00
2791,Mint,450.00
2792,Mint,325.00
2793,Mint,275.00
2794,Mint,275.00
2795,Mint,275.00
2796,Mint,275.00
2797,Mint,375.00
2798,Mint,325.00
2799,Mint,325.00
2800,Mint,275.00
2801,Mint,275.00
2802,Mint,375.00
2803,Mint,350.00
2804,Mint,350.00
2805,Mint,225.00
2806,Mint,225.00
2807,Mint,275.00
2808,Mint,325.00
2809,Mint,325.00
2810,Mint,325.00
2811,Mint,325.00
2812,Mint,275.00
2813,Mint,275.00
2814,Mint,275.00
2815,Mint,275.00
2816,Mint,275.00
2817,Mint,275.00
2818,Mint,275.00
2819,Mint,225.00
2820,Mint,225.00
2821,Mint,225.00
2822,Mint,225.00
2823,Mint,275.00
2824,Mint,275.00
2825,Mint,225.00
2826,Mint,275.00
2827,Mint,275.00
2828,Mint,275.00
2829,Mint,275.00
2830,Mint,225.00
2831,Mint,225.00
2832,Mint,225.00
2833,Mint,225.00
2834,Mint,225.00
2835,Mint,225.00
2836,Mint,275.00
2837,Mint,225.00
2838,Mint,175.00
2839,Mint,175.00
2840,Mint,125.00
2841,Mint,125.00
2842,Mint,125.00
2843,Mint,175.00
2844,Mint,225.00
2845,Mint,225.00
2846,Mint,225.00
2847,Mint,225.00
2848,Mint,225.00
2849,Mint,225.00
2850,Mint,225.00
2851,Mint,275.00
2852,Mint,375.00
2853,Mint,375.00
2854,Mint,275.00
2855,Mint,375.00
2856,Mint,325.00
2857,Mint,325.00
2858,Mint,375.00
2859,Mint,275.00
2860,Mint,275.00
2861,Mint,375.00
2862,Mint,275.00
2863,Mint,225.00
2864,Mint,225.00
2865,Mint,450.00
2866,Mint,550.00
2867,Mint,450.00
2868,Mint,450.00
2869,Mint,550.00
2870,Mint,650.00
2871,Mint,650.00
2872,Mint,650.00
2873,Mint,650.00
2874,Mint,650.00
2875,Mint,650.00
2876,Mint,650.00
2877,Mint,650.00
2878,Mint,650.00
2879,Mint,650.00
2880,Mint,666.67
2881,Mint,650.00
2882,Mint,650.00
2883,Mint,650.00
2884,Mint,650.00
2885,Mint,650.00
2886,Mint,650.00
2887,Mint,650.00
2888,Mint,566.67
2889,Mint,650.00
2890,Mint,650.00
2891,Mint,650.00
2892,Mint,550.00
2893,Mint,550.00
2894,Mint,666.67
2895,Mint,250.00
2896,Mint,225.00
2897,Mint,275.00
2898,Mint,350.00
2899,Mint,450.00
2900,Mint,475.00
2901,Mint,450.00
2902,Mint,450.00
2903,Mint,500.00
2904,Mint,350.00
2905,Mint,450.00
2906,Mint,450.00
2907,Mint,250.00
2908,Mint,275.00
2909,Mint,275.00
2910,Mint,275.00
2911,Mint,275.00
2912,Mint,275.00
2913,Mint,275.00
2914,Mint,275.00
2915,Mint,210.00
2916,Mint,275.00
2917,Mint,275.00
2918,Mint,275.00
2919,Mint,275.00
2920,Mint,275.00
2921,Mint,225.00
2922,Mint,225.00
2923,Mint,225.00
2924,Mint,275.00
2925,Mint,225.00
2926,Mint,283.33
2927,Mint,275.00
2928,Mint,265.00
2929,Mint,275.00
2930,Mint,225.00
2931,Mint,165.00
2932,Mint,165.00
2933,Mint,175.00
2934,Mint,175.00
2935,Mint,550.00
2936,Mint,450.00
2937,Mint,450.00
2938,Mint,450.00
2939,Mint,375.00
2940,Mint,350.00
2941,Mint,350.00
2942,Mint,450.00
2943,Mint,450.00
2944,Mint,450.00
2945,Mint,450.00
2946,Mint,450.00
2947,Mint,450.00
2948,Mint,450.00
2949,Mint,375.00
2950,Mint,550.00
2951,Mint,450.00
2952,Mint,450.00
2953,Mint,450.00
2954,Mint,450.00
2955,Mint,450.00
2956,Mint,450.00
2957,Mint,450.00
2958,Mint,450.00
2959,Mint,450.00
2960,Mint,450.00
2961,Mint,550.00
2962,Mint,550.00
2963,Mint,550.00
2964,Mint,550.00
2965,Mint,550.00
2966,Mint,450.00
2967,Mint,450.00
2968,Mint,450.00
2969,Mint,450.00
2970,Mint,450.00
2971,Mint,450.00
2972,Mint,375.00
2973,Mint,375.00
2974,Mint,375.00
2975,Mint,375.00
2976,Mint,375.00
2977,Mint,275.00
2978,Mint,283.33
2979,Mint,275.00
2980,Mint,275.00
2981,Mint,235.00
2982,Mint,235.00
2983,Mint,275.00
2984,Mint,275.00
2985,Mint,275.00
2986,Mint,225.00
2987,Mint,265.00
2988,Mint,275.00
2989,Mint,275.00
2990,Mint,275.00
2991,Mint,225.00
2992,Mint,275.00
2993,Mint,275.00
2994,Mint,225.00
2995,Mint,225.00
2996,Mint,235.00
2997,Mint,275.00
2998,Mint,225.00
2999,Mint,235.00
3000,Mint,235.00
3001,Mint,235.00
3002,Mint,235.00
3003,Mint,210.00
3004,Mint,210.00
3005,Mint,175.00
3006,Mint,175.00
3007,Mint,175.00
3008,Mint,175.00
3009,Mint,175.00
3010,Mint,175.00
3011,Mint,175.00
3012,Mint,175.00
3013,Mint,175.00
3014,Mint,175.00
3015,Mint,175.00
3016,Mint,175.00
3017,Mint,175.00
3018,Mint,175.00
3019,Mint,175.00
3020,Mint,175.00
3021,Mint,175.00
3022,Mint,175.00
3023,Mint,175.00
3024,Mint,175.00
3025,Mint,175.00
3026,Mint,135.00
3027,Mint,135.00
3028,Mint,135.00
3029,Mint,135.00
3030,Mint,135.00
3031,Mint,175.00
3032,Mint,135.00
3033,Mint,135.00
3034,Mint,135.00
3035,Mint,135.00
3036,Mint,175.00
3037,Mint,135.00
3038,Mint,165.00
3039,Mint,140.00
3040,Mint,275.00
3041,Mint,175.00
3042,Mint,175.00
3043,Mint,175.00
3044,Mint,175.00
3045,Mint,175.00
3046,Mint,175.00
3047,Mint,175.00
3048,Mint,175.00
3049,Mint,140.00
3050,Mint,175.00
3051,Mint,175.00
3052,Mint,175.00
3053,Mint,175.00
3054,Mint,175.00
3055,Mint,175.00
3056,Mint,180.00
3057,Mint,187.50
3058,Mint,180.00
3059,Mint,180.00
3060,Mint,180.00
3061,Mint,190.00
3062,Mint,190.00
3063,Mint,113.33
3064,Mint,110.00
3065,Mint,110.00
3066,Mint,110.00
3067,Mint,96.67
3068,Mint,96.67
3069,Mint,96.67
3070,Mint,96.67
3071,Mint,96.67
3072,Mint,96.67
3073,Mint,95.00
3074,Mint,170.00
3075,Mint,110.00
3076,Mint,135.00
3077,Mint,156.67
3078,Mint,135.00
3079,Mint,140.00
3080,Mint,135.00
3081,Mint,110.00
3082,Mint,110.00
3083,Mint,135.00
3084,Mint,135.00
3085,Mint,135.00
3086,Mint,135.00
3087,Mint,135.00
3088,Mint,135.00
3089,Mint,140.00
3090,Mint,135.00
3091,Mint,135.00
3092,Mint,135.00
3093,Mint,130.00
3094,Mint,130.00
3095,Mint,135.00
3096,Mint,110.00
3097,Mint,110.00
3098,Mint,110.00
3099,Mint,135.00
3100,Mint,135.00
3101,Mint,135.00
3102,Mint,140.00
3103,Mint,135.00
3104,Mint,135.00
3105,Mint,135.00
3106,Mint,165.00
3107,Mint,125.00
3108,Mint,125.00
3109,Mint,140.00
3110,Mint,135.00
3111,Mint,135.00
3112,Mint,140.00
3113,Mint,135.00
3114,Mint,135.00
3115,Mint,135.00
3116,Mint,135.00
3117,Mint,135.00
3118,Mint,175.00
3119,Mint,140.00
3120,Mint,135.00
3121,Mint,135.00
3122,Mint,135.00
3123,Mint,135.00
3124,Mint,275.00
3125,Mint,225.00
3126,Mint,165.00
3127,Mint,225.00
3128,Mint,225.00
3129,Mint,225.00
3130,Mint,175.00
3131,Mint,210.00
3132,Mint,210.00
3133,Mint,225.00
3134,Mint,210.00
3135,Mint,210.00
3136,Mint,210.00
3137,Mint,275.00
3138,Mint,325.00
3139,Mint,235.00
3140,Mint,235.00
3141,Mint,235.00
3142,Mint,235.00
3143,Mint,235.00
3144,Mint,425.00
3145,Mint,450.00
3146,Mint,383.33
3147,Mint,450.00
3148,Mint,450.00
3149,Mint,450.00
3150,Mint,425.00
3151,Mint,425.00
3152,Mint,450.00
3153,Mint,375.00
3154,Mint,450.00
3155,Mint,450.00
3156,Mint,450.00
3157,Mint,450.00
3158,Mint,450.00
3159,Mint,450.00
3160,Mint,550.00
3161,Mint,550.00
3162,Mint,550.00
3163,Mint,550.00
3164,Mint,550.00
3165,Mint,550.00
3166,Mint,450.00
3167,Mint,550.00
3168,Mint,550.00
3169,Mint,550.00
3170,Mint,550.00
3171,Mint,550.00
3172,Mint,550.00
3173,Mint,550.00
3174,Mint,550.00
3175,Mint,550.00
3176,Mint,550.00
3177,Mint,550.00
3178,Mint,550.00
3179,Mint,550.00
3180,Mint,550.00
3181,Mint,550.00
3182,Mint,550.00
3183,Mint,650.00
3184,Mint,550.00
3185,Mint,550.00
3186,Mint,566.67
3187,Mint,550.00
3188,Mint,550.00
3189,Mint,550.00
3190,Mint,550.00
3191,Mint,450.00
3192,Mint,450.00
3193,Mint,450.00
3194,Mint,550.00
3195,Mint,450.00
3196,Mint,550.00
3197,Mint,550.00
3198,Mint,550.00
3199,Mint,550.00
3200,Mint,550.00
3201,Mint,475.00
3202,Mint,475.00
3203,Mint,425.00
3204,Mint,450.00
3205,Mint,475.00
3206,Mint,475.00
3207,Mint,475.00
3208,Mint,475.00
3209,Mint,475.00
3210,Mint,466.67
3211,Mint,475.00
3212,Mint,450.00
3213,Mint,525.00
3214,Mint,525.00
3215,Mint,375.00
3216,Mint,375.00
3217,Mint,375.00
3218,Mint,375.00
3219,Mint,425.00
3220,Mint,450.00
3221,Mint,375.00
3222,Mint,375.00
3223,Mint,350.00
3224,Mint,425.00
3225,Mint,375.00
3226,Mint,325.00
3227,Mint,475.00
3228,Mint,325.00
3229,Mint,425.00
3230,Mint,325.00
3231,Mint,325.00
3232,Mint,425.00
3233,Mint,425.00
3234,Mint,325.00
3235,Mint,325.00
3236,Mint,325.00
3237,Mint,375.00
3238,Mint,325.00
3239,Mint,325.00
3240,Mint,325.00
3241,Mint,325.00
3242,Mint,375.00
3243,Mint,375.00
3244,Mint,325.00
3245,Mint,225.00
3246,Mint,225.00
3247,Mint,210.00
3248,Mint,175.00
3249,Mint,225.00
3250,Mint,235.00
3251,Mint,310.00
3252,Mint,235.00
3253,Mint,235.00
3254,Mint,225.00
3255,Mint,235.00
3256,Mint,210.00
3257,Mint,210.00
3258,Mint,235.00
3259,Mint,290.00
3260,Mint,275.00
3261,Mint,275.00
3262,Mint,275.00
3263,Mint,275.00
3264,Mint,275.00
3265,Mint,235.00
3266,Mint,275.00
3267,Mint,235.00
3268,Mint,275.00
3269,Mint,265.00
3270,Mint,235.00
3271,Mint,235.00
3272,Mint,235.00
3273,Mint,335.00
3274,Mint,375.00
3275,Mint,235.00
3276,Mint,235.00
3277,Mint,235.00
3278,Mint,235.00
3279,Mint,235.00
3280,Mint,235.00
3281,Mint,235.00
3282,Mint,265.00
3283,Mint,265.00
3284,Mint,265.00
3285,Mint,265.00
3286,Mint,265.00
3287,Mint,325.00
3288,Mint,335.00
3289,Mint,335.00
3290,Mint,335.00
3291,Mint,335.00
3292,Mint,335.00
3293,Mint,335.00
3294,Mint,335.00
3295,Mint,290.00
3296,Mint,335.00
3297,Mint,310.00
3298,Mint,335.00
3299,Mint,335.00
3300,Mint,335.00
3301,Mint,310.00
3302,Mint,375.00
3303,Mint,375.00
3304,Mint,375.00
3305,Mint,375.00
3306,Mint,375.00
3307,Mint,425.00
3308,Mint,375.00
3309,Mint,376.67
3310,Mint,476.67
3311,Mint,476.67
3312,Mint,476.67
3313,Mint,476.67
3314,Mint,476.67
3315,Mint,476.67
3316,Mint,476.67
3317,Mint,476.67
3318,Mint,350.00
3319,Mint,350.00
3320,Mint,375.00
3321,Mint,235.00
3322,Mint,235.00
3323,Mint,235.00
3324,Mint,235.00
3325,Mint,235.00
3326,Mint,233.33
3327,Mint,235.00
3328,Mint,235.00
3329,Mint,235.00
3330,Mint,375.00
3331,Mint,375.00
3332,Mint,375.00
3333,Mint,275.00
